Card,Seller,Price,Shipping,URL
"Megaton Blower","anna-2565",3.32,2.7,"https://www.ebay.co.uk/itm/376016490976?_skw=Megaton+Blower+182%2F191+Surging+Sparks+-lot+-bundle+-japanese+-korean+-chinese&hash=item578c5451e0:g:hHAAAeSw0GZnunRp"
"Zeraora","bonkers10rugby",8.52,2.7,"https://www.ebay.co.uk/itm/297036236440?_skw=Zeraora+151%2F142+Stellar+Crown+-lot+-bundle+-japanese+-korean+-chinese&hash=item4528bd4698:g:D9QAAeSwccJntjc4"
"Joltik","braggy24",4.88,2.7,"https://www.ebay.co.uk/itm/176661981688?_skw=Joltik+150%2F142+Stellar+Crown+-lot+-bundle+-japanese+-korean+-chinese&hash=item2921dfe9f8:g:sNwAAOSwMJZnJ8Jq"
"Awakening Drum","bwilliams219",1.75,1.15,"https://www.ebay.co.uk/itm/365318051635?_skw=Awakening+Drum+141%2F162+Temporal+Forces+-lot+-bundle+-japanese+-korean+-chinese&hash=item550ea71733:g:E0AAAOSwRiJndcih"
"Kilowattrel ex","caespokehouse",0.99,1.55,"https://www.ebay.co.uk/itm/156684263883?_skw=Kilowattrel+ex+068%2F191+Surging+Sparks+-lot+-bundle+-japanese+-korean+-chinese&hash=item247b1c21cb:g:CVQAAOSwvTdnqBKU&amdata=enc%3AAQAKAAABMPeG5RIuIyokJHJy903%2F5UZmgFQSjE30F%2BD2ofcYVHx2M%2F41cnuYiDLtrlWsVgXDvAFNEy6%2B5vxSGzFNcY9toaiqARlraGkxp5op9NzDr1ROqSvkrCmJOlQuj%2FGZY7lQLnrwiwtDmlAAUPOhMS0yEqNJTI7w3mxC02CP1XEN0H1O9eFOCZd1aNUZTejk08qL9%2BZpIAtrGr5PwrfKARpWifXvRW8IJNQrfmxzktqgO%2B7SyPGQdVY1O%2F4FKorwi0Vp4x%2BBro2OnAYUQmO2GZsEFO6UDEsgNiPaSThuVdadExx0p5zZvOhvy8IWe9PVSaZykCQmDtzhMGKWJJgml4LHpYRJsAFfCm3EYQ3Ot%2BA%2B3jV1bXKfcbgws7ocLtFCbpVJdTZYj7h1HZbA4e0hBE67VOo%3D"
"Gouging Fire ex","caespokehouse",1.2,1.55,"https://www.ebay.co.uk/itm/156674964111?_skw=Gouging+Fire+ex+038%2F162+Temporal+Forces+-lot+-bundle+-japanese+-korean+-chinese&hash=item247a8e3a8f:g:AJUAAOSwotJno6-L"
"Koraidon ex","caespokehouse",0.99,1.55,"https://www.ebay.co.uk/itm/156674970138?_skw=Koraidon+ex+120%2F162+Temporal+Forces+-lot+-bundle+-japanese+-korean+-chinese&hash=item247a8e521a:g:MjAAAOSwfcZno7En&amdata=enc%3AAQAKAAABMPeG5RIuIyokJHJy903%2F5Ua8O5mRKF%2Bhr6rsueYq%2B6O7RHs1Mls4etDfLtgZis8JeSbYrJmtpmBq5EIuoZtZHk9XuUBx2hgXUsCc%2FrZw8learzubCz82VJN4fky3M3apk6UPmnhQ%2BEVfWwM%2BZlAcBuNjI3fqnPEKSPSJgdnwlKyeV3VjnhLyEM9CAOFGNFabu27BMI9KBrHwSLgl72iGRMXYAw5E2fPPylGzebDA57nRNYfTV8RBKwayzF2qTrefuyqBCyg%2B%2FWbkwPvkaDtNtzvxdQsAEo9k%2B2uKzl3D8eQzBdc%2BdIgOtRHxmVlpJifqo1rMqWA%2FBIdWMTcT855mJrmXZnD0aiQTfwpvwUhK3JHVCinCc%2BKU3g5Xj%2FFG7O9Z2M80ZwJLiBEhZwP8rAU9rSs%3D"
"Torterra ex","cardtopiax",1.15,0.85,"https://www.ebay.co.uk/itm/405559476293?_skw=Torterra+ex+012%2F162+Temporal+Forces+-lot+-bundle+-japanese+-korean+-chinese&hash=item5e6d3a8045:g:mA4AAeSw9CVntLcQ&amdata=enc%3AAQAKAAABIPeG5RIuIyokJHJy903%2F5UZD980Cn8BK%2FOvE%2FQ8ncWEPxFMvvIjB4bSJ8fVSxTW8O%2BaUgVOIVwzSsKVxv1Ta6phstfyd9VfCGnnv4%2F9ejgpZWTk9imebdfkFxi2YQoXheDgxuciMypcnhT9jqIPqNORyK%2BkRSVtrwWL0TSixx%2FnIxdiV4DOCi%2FrMt2tYPeM4wDB5PADzeYYDQ6VaBFdij6rZL4xeiWoUwArf2xnA6GuEgpQaKiQgyXkhSXZCSHfBGx%2FiDgX6VZTjob%2FYIAACWQce%2BLkJ2O2llu0NzmqbQ83dPomFCTsAmzezD5Q5Zpf2zr3f38zbBzrVFO7p6Dl%2BirOycgN6yiEO1IOP0PO1LYpWkuXBW%2FTiEOCKfpbAxyUosQ%3D%3D"
"Iron Leaves ex","cardtopiax",1,0.85,"https://www.ebay.co.uk/itm/405560066348?_skw=Iron+Leaves+ex+025%2F162+Temporal+Forces+-lot+-bundle+-japanese+-korean+-chinese&hash=item5e6d43812c:g:gx4AAeSwIh1ntQCE&amdata=enc%3AAQAKAAABMPeG5RIuIyokJHJy903%2F5UaYLLnG7va679ogv1D%2BLjM%2BdYUkEgQKkMidkMf41tq1vo3S1Z0pr8wobPEVqQWpBKEFRGObviOu1WzIWjQSQBhIKiQEY9aNKx1dzPC1%2BPXTNPulaA0ga9HyucQx5tIffHhH%2BO0cmCl4Df%2BFXLIu4Ccmp8DIrZnMfqrp7TlJPOB9KBNjBDvnV6oUKf5Immdekjgl8lwWT9t1Dfmw%2FXkUAhHV4yGB2tc2O%2Ft0R%2FkiMciHhuWYqvrslE8Y8AkWxWAUpRLOam6M1c06t7RLVP3kQZom2H1GwqIKurhKmU8nWZVaBfOG7kpQJd1FNe42C7AYXrtiDXG9POlroe4YAASY90hAG%2BHJi6XAkYnBVhVz2idlAfKcOv11iewj9OAnZud9NWs%3D"
"Walking Wake ex","cardtopiax",1,0.85,"https://www.ebay.co.uk/itm/405358071042?_skw=Walking+Wake+ex+050%2F162+Temporal+Forces+-lot+-bundle+-japanese+-korean+-chinese&hash=item5e61394d02:g:eS8AAOSw-OVnN7tI"
"Raboot","caseypowers2012",5.09,2.7,"https://www.ebay.co.uk/itm/156646865219?_skw=Raboot+147%2F142+Stellar+Crown+-lot+-bundle+-japanese+-korean+-chinese&hash=item2478e17943:g:f8MAAOSw96dnjrKO"
"Deerling","cash_converters_kings_lynn",20,2.99,"https://www.ebay.co.uk/itm/267163099325?_skw=Deerling+165%2F162+Temporal+Forces+-lot+-bundle+-japanese+-korean+-chinese&hash=item3e342960bd:g:FAEAAOSwLOdntIk6"
"Excadrill","celestialgames24",5.95,2.7,"https://www.ebay.co.uk/itm/305624923691?_skw=Excadrill+174%2F162+Temporal+Forces+-lot+-bundle+-japanese+-korean+-chinese&hash=item4728aa3e2b:g:F-wAAOSwGbxmcFqw"
"Mudsdale","celestialgames24",5.45,2.7,"https://www.ebay.co.uk/itm/305624923691?_skw=Mudsdale+175%2F162+Temporal+Forces+-lot+-bundle+-japanese+-korean+-chinese&hash=item4728aa3e2b:g:F-wAAOSwGbxmcFqw"
"Scovillain ex","cians-cards",0.99,1.65,"https://www.ebay.co.uk/itm/176824013197?_skw=Scovillain+ex+022%2F162+Temporal+Forces+-lot+-bundle+-japanese+-korean+-chinese&hash=item292b88518d:g:vBkAAOSwp5Zno1D6&amdata=enc%3AAQAKAAABMPeG5RIuIyokJHJy903%2F5UbTequ23nRFOyOf0JwMdYJXi0S11ftq46h73mM0evTRsvHLyx8Bqvut6M13%2B9beo77rF5AKGdLxf2Dmp%2BKa1EehYEGmGw%2F6rJr1a%2B88mSTmuq5f6gAe6c3aCpoJ3vjALgGmaGVrLyXgz75%2FfNX%2B1NcSmwBbO9RXA%2FmXr3Jz%2BbDjw0UNlMtGNiWPpGDMDUE55%2FKf5aL5Bb3gWCmwdAmfi9ck%2FC%2BfViyknrnxgPgkgFPwWDw0ZPRJ%2By4g%2Bz%2F4iPOLlcXinFpS2q1XmP5wTg1WHg2dYCwMp2mtmXX7GxfRmA9VhJyTDUG%2Fe5%2FOvu1Ig0x5s1b9FXwfXrNK%2BFFss%2BjnN5KZ9D7JpQAyqko9FCZLEujvNlRRsVBsNMPDkKZQUyqJfq4%3D"
"Incineroar ex","cians-cards",1.3,1.65,"https://www.ebay.co.uk/itm/176865820975?_skw=Incineroar+ex+034%2F162+Temporal+Forces+-lot+-bundle+-japanese+-korean+-chinese&hash=item292e06412f:g:qNEAAeSwUIlnudD8&amdata=enc%3AAQAKAAABMPeG5RIuIyokJHJy903%2F5UbC%2FsZkpfc%2Fb8YVUvxAbT4Xpgrty9vgf2xus1x5slANv%2B6qhgQryBD1Nq0y1xAO3bRCp%2FkYTBhttZZsWrmTPHTxp3Pz1B%2FOj0TpaeoKuz8mXq1DXLp8DF%2BzFCWWFJ%2FZQ1GQLbtKQ6AfoQ3dPsdLtTmZc5k0kCug3gMTPOYHISXikbzbP016HQbOLTYA%2BHb03oTvJIYzl8gV2IvlFpYmijyIcILQaT8W3N90B1XDUufv8WwOZOZmMcDyoxijtKreRbLCniThiLMrmfTMNeZTRBr0zy3jSi5H611dV9grTo7b5Uz3xR2C1WbBi%2Btar9n1kt2vZgyg7Ehcf2ivZbkXqJqzI2E1by8In9dkbE%2F54gimnZRXIoTjIkljnBmhwrIshzY%3D"
"Reboot Pod","cians-cards",1,1.65,"https://www.ebay.co.uk/itm/176670672561?_skw=Reboot+Pod+158%2F162+Temporal+Forces+-lot+-bundle+-japanese+-korean+-chinese&hash=item29226486b1:g:VZcAAOSw~ZpnLkOo"
"Gulpin","cjscards64",6.24,2.55,"https://www.ebay.co.uk/itm/306136217065?_skw=Gulpin+154%2F142+Stellar+Crown+-lot+-bundle+-japanese+-korean+-chinese&hash=item474723f5e9:g:OZwAAeSw~NlnvC9q"
"Charjabug","claytoncollectables",3.32,0,"https://www.ebay.co.uk/itm/235963140705?_skw=Charjabug+169%2F162+Temporal+Forces+-lot+-bundle+-japanese+-korean+-chinese&hash=item36f07fca61:g:0F0AAeSwzjlns8R~"
"Sawsbuck","collectingcole",24.63,2.7,"https://www.ebay.co.uk/itm/405584942330?_skw=Sawsbuck+166%2F162+Temporal+Forces+-lot+-bundle+-japanese+-korean+-chinese&hash=item5e6ebf14fa:g:HSAAAeSwfcRnvz0A"
"Meltan","core_mcin",3.83,2.7,"https://www.ebay.co.uk/itm/156710501724?_skw=Meltan+179%2F162+Temporal+Forces+-lot+-bundle+-japanese+-korean+-chinese&hash=item247cac7d5c:g:yIgAAeSwKZBns3PH"
"Master Ball","d59mr-42",1.75,0.85,"https://www.ebay.co.uk/itm/376005760424?_skw=Master+Ball+153%2F162+Temporal+Forces+-lot+-bundle+-japanese+-korean+-chinese&hash=item578bb095a8:g:tNQAAeSwpmFntL~x"
"Energy Search Pro","fan-m0",2.8,0.85,"https://www.ebay.co.uk/itm/297061748256?_skw=Energy+Search+Pro+176%2F191+Surging+Sparks+-lot+-bundle+-japanese+-korean+-chinese&hash=item452a428e20:g:O5gAAOSwYolnrN~N"
"Bravery Charm","fistic_74",16.31,0.85,"https://www.ebay.co.uk/itm/356619950185?_skw=Bravery+Charm+175%2F142+Stellar+Crown+-lot+-bundle+-japanese+-korean+-chinese&hash=item5308349869:g:E~oAAeSwHTtnwfbY&amdata=enc%3AAQAKAAABMPeG5RIuIyokJHJy903%2F5UaO7%2BzqGjVVeycXWhXVdcxPZw8vfc8hGfs926Jv8GuMbXtxsCQHIhlsuFPDqzM4uPld89ktgZDwYU%2FAu%2BHv0txLIxadVgVuQNdCkvojffzj7UzRt3Gi6Zhu%2FpWuPrinWyvTTXb55osG6B5vf%2Fzn6%2FthInuEDtMKjJq6NZ2fzG9i6quP8MKEccCrSSZxFy3pn3krVLrGV01Efb%2BdrwpuYaOvl08--ENFG%2BJKPg3a4DbmkIT4ff0XxtRYqvPZKKmAPzLEa247Ga4d9XD3mv8cPV9bkcljZoFcGQEnXDw0SY%2FFkfPKBaHPmk22zR9FeUfuW4aomh2MQwdr%2BFWJ65fZpZZT%2FlrMKcNd7HElPvIzbD65O9%2B0yjzpGF7oyHsXiigJZMs%3D"
"Shiftry","fistic_74",14.23,0.85,"https://www.ebay.co.uk/itm/356619938066?_skw=Shiftry+163%2F162+Temporal+Forces+-lot+-bundle+-japanese+-korean+-chinese&hash=item5308346912:g:HuwAAeSwv-ZnwfW~&amdata=enc%3AAQAKAAABIPeG5RIuIyokJHJy903%2F5UbncCF%2F4yA2OZGCNq3oPiiEToMt%2FvEWnJ4NfzbklNJpIJxGzGcRyStJ%2FXmnPgpn%2FHxL8i3O2fIjJc8I66C%2BhO3BbFuTd9BIKXbYvrhVesncP9ntyeXZUo1odLhK3B6JxHFaLPdjBUTvaUorPwUQPx2bZCo3xXHaSoUwxBfKCSe4NxV6p7nsIAY%2BBBhUR0TBGLcFL588fdmK9CSFxZj4FamGH1%2B1W59AFgKSZ7nNVGGX9bVs%2BJhHtNO5dtTOz4rjTDsdoht00T7zRvLMzKKm%2BjameUQFp85kXKO4xpLMAyD4cu%2BQTjGk8%2BGgAx1y%2BC1Q0AKpKJ9z7m4cWLekV%2B9kPUPuo6TjLchvKuKEo8ubXlCHtg%3D%3D"
"Bulbasaur","fox_cards_uk",12.15,0,"https://www.ebay.co.uk/itm/126866620688?_skw=Bulbasaur+143%2F142+Stellar+Crown+-lot+-bundle+-japanese+-korean+-chinese&hash=item1d89d70110:g:ITkAAOSwWRFneYYX&amdata=enc%3AAQAKAAABIPeG5RIuIyokJHJy903%2F5UZJWqd1G86Scot4Eqr61oOf82gwVKaGBbbSzCytho2FQeRQ8UwvAKD%2Fb8rXuVB7QaqnijpUbUoTVf34pfWfaez2ukfLnCiyQLHoQH2XxHf4pI6WPYRBk6ctSXdSk2DdKETpanNy6tzIbT4IFfW17HPkaMeF0ZUMAmjEZFKeKuHmywYCosXYKT%2FZ1mLMyMoZeQYWRZNTD3eqP2OAecUEeTpaUqMe2AdsUZNvMIoSrTGvAsI0OJfgEJlWHAfWL5McjGANj9CjTnMKau5pgiHfMdO5pbhJxmDkyY1%2Fk8Lmb7eonDo0HkOm7pFnldVOUgvoYIxQ9teP4e7IaOaNQvOkAZNlebIDBZGyMkIUfDQ2FbOaiQ%3D%3D"
"Hydrapple ex","gavsminimad",1.75,0.85,"https://www.ebay.co.uk/itm/286367335580?_skw=Hydrapple+ex+014%2F142+Stellar+Crown+-lot+-bundle+-japanese+-korean+-chinese&hash=item42acd2c49c:g:cEUAAeSwfZ9nwKo6"
"Precious Trolley","hannahrb22",4.36,1.55,"https://www.ebay.co.uk/itm/256803895597?_skw=Precious+Trolley+185%2F191+Surging+Sparks+-lot+-bundle+-japanese+-korean+-chinese&hash=item3bcab4792d:g:71QAAOSwYpNnoNlj"
"Hero's Cape","happyduckhour",4.88,2.7,"https://www.ebay.co.uk/itm/364901589286?_skw=Hero%27s+Cape+152%2F162+Temporal+Forces+-lot+-bundle+-japanese+-korean+-chinese&hash=item54f5d46126:g:t-kAAOSwIcdmSgjg&amdata=enc%3AAQAKAAABIPeG5RIuIyokJHJy903%2F5UZJwsTUrY7RwS%2BybOt1%2BKk%2BoOW5t%2BaNBWkyZzzLugIhx31hg5SvX2QH1rKukGk%2F9TvNmU4UNTGr2hy2yFIIenYycwgX2kWy3Yk2s9gJ0Tw%2FTC01IkdFVoYqBwH3ytnN7UbPy51J%2BpYMUwvGBUufVqWMAGcGJSmhnSica3Veu93SNvX2vJTzwPmO1hv%2F2L8XjEtTt63URh2VtAhxtZ%2BwNirJNqiTNvjPAMer9gJ5hQU%2BD1ma%2B%2FqA4u5bgGSiOwYEUJ509J%2F5OPH6Ax1K%2FokAOfpi5a%2FO4URLTCEaUOLLgfK2wbzPFEPqpXivBt7d61rh%2FqT0Jt8kXZ3D3nk40HKy1L%2B6l1gayJEDTzjvC72Z%2Bx%2FC%2BA%3D%3D"
"Alolan Exeggutor ex","hooperscards",1.23,1.55,"https://www.ebay.co.uk/itm/226614414953?_skw=Alolan+Exeggutor+ex+133%2F191+Surging+Sparks+-lot+-bundle+-japanese+-korean+-chinese&hash=item34c3458e69:g:ORYAAOSw5ztnpMus"
"Cinccino","hooperscards",10,3.1,"https://www.ebay.co.uk/itm/226616121057?_skw=Cinccino+183%2F162+Temporal+Forces+-lot+-bundle+-japanese+-korean+-chinese&hash=item34c35f96e1:g:k6sAAeSwBttnvIdc"
"Area Zero Underdepths","jahop_7529",17.36,4.8,"https://www.ebay.co.uk/itm/306101446188?_skw=Area+Zero+Underdepths+174%2F142+Stellar+Crown+-lot+-bundle+-japanese+-korean+-chinese&hash=item474511662c:g:RjEAAOSweL5nqImj"
"Lacey","jaskdhu_0",4.73,2.7,"https://www.ebay.co.uk/itm/316127033668?_skw=Lacey+166%2F142+Stellar+Crown+-lot+-bundle+-japanese+-korean+-chinese&hash=item499aa3b944:g:dScAAOSw-dhngxWm"
"Cinderace ex","jdcards23",1.5,1,"https://www.ebay.co.uk/itm/256833579990?_skw=Cinderace+ex+028%2F142+Stellar+Crown+-lot+-bundle+-japanese+-korean+-chinese&hash=item3bcc796bd6:g:5BMAAOSwZz9ndF8s"
"Scizor ex","jdcards23",1.5,1,"https://www.ebay.co.uk/itm/256827942073?_skw=Scizor+ex+111%2F162+Temporal+Forces+-lot+-bundle+-japanese+-korean+-chinese&hash=item3bcc2364b9:g:ZEkAAOSwZSNncFV9"
"Miraidon ex","jpcar-20",0.99,0.85,"https://www.ebay.co.uk/itm/405589637702?_skw=Miraidon+ex+122%2F162+Temporal+Forces+-lot+-bundle+-japanese+-korean+-chinese&hash=item5e6f06ba46:g:eYoAAeSwv-ZnwQ4V"
"Raging Bolt ex","klaatudude",4.1,0.85,"https://www.ebay.co.uk/itm/267008344406?_skw=Raging+Bolt+ex+123%2F162+Temporal+Forces+-lot+-bundle+-japanese+-korean+-chinese&hash=item3e2af00156:g:33YAAOSwBGdm-Caj"
"Litten","ludderz_ex",13.19,2.7,"https://www.ebay.co.uk/itm/396248960341?_skw=Litten+167%2F162+Temporal+Forces+-lot+-bundle+-japanese+-korean+-chinese&hash=item5c42474d55:g:uhoAAeSw~wxnvzA4"
"Metagross","lukesabomac",28.8,2.7,"https://www.ebay.co.uk/itm/376023719953?_skw=Metagross+178%2F162+Temporal+Forces+-lot+-bundle+-japanese+-korean+-chinese&hash=item578cc2a011:g:rpwAAeSwuLdnviGm"
"Chatot","lux-collectables",9.04,2.7,"https://www.ebay.co.uk/itm/156726983149?_skw=Chatot+181%2F162+Temporal+Forces+-lot+-bundle+-japanese+-korean+-chinese&hash=item247da7f9ed:g:2boAAeSwezpnukVQ"
"Grotle","mackenzie_tcg",0.99,0.5,"https://www.ebay.co.uk/itm/235939179862?_skw=Grotle+011%2F162+Temporal+Forces+-lot+-bundle+-japanese+-korean+-chinese&hash=item36ef122d56:g:szkAAOSwJBxniUrl"
"Rescue Board","mackenzie_tcg",0.99,0.5,"https://www.ebay.co.uk/itm/235939179274?_skw=Rescue+Board+159%2F162+Temporal+Forces+-lot+-bundle+-japanese+-korean+-chinese&hash=item36ef122b0a:g:q9QAAOSwIZ9niUmj"
"Ledian","markm6549",4.87,2.55,"https://www.ebay.co.uk/itm/205185765511?_skw=Ledian+144%2F142+Stellar+Crown+-lot+-bundle+-japanese+-korean+-chinese&hash=item2fc6065087:g:KiUAAOSweXBnbHP2"
"Lucario ex","mawrgames",1.99,1,"https://www.ebay.co.uk/itm/156423181391?_skw=Lucario+ex+082%2F142+Stellar+Crown+-lot+-bundle+-japanese+-korean+-chinese&hash=item246b8c544f:g:ee4AAOSwc0Fm8Sfg"
"Lickitung","mythiccards_uk",17.95,2.7,"https://www.ebay.co.uk/itm/176882486501?_skw=Lickitung+180%2F162+Temporal+Forces+-lot+-bundle+-japanese+-korean+-chinese&hash=item292f048ce5:g:l6MAAOSweCZnwa9L"
"Bronzor","outh774",9.56,0.85,"https://www.ebay.co.uk/itm/335837084423?_skw=Bronzor+170%2F162+Temporal+Forces+-lot+-bundle+-japanese+-korean+-chinese&hash=item4e31733b07:g:yBgAAOSwnqlnwdBd"
"Durant ex","parrisco_0",0.99,1.55,"https://www.ebay.co.uk/itm/405489966340?_skw=Durant+ex+004%2F191+Surging+Sparks+-lot+-bundle+-japanese+-korean+-chinese&hash=item5e6915dd04:g:EEsAAOSwsaRnjmzR"
"Black Kyurem ex","parrisco_0",0.99,1.55,"https://www.ebay.co.uk/itm/405489948539?_skw=Black+Kyurem+ex+048%2F191+Surging+Sparks+-lot+-bundle+-japanese+-korean+-chinese&hash=item5e6915977b:g:L8cAAOSw~cNnjmsB"
"Palossand ex","parrisco_0",1,1.55,"https://www.ebay.co.uk/itm/405486063743?_skw=Palossand+ex+091%2F191+Surging+Sparks+-lot+-bundle+-japanese+-korean+-chinese&hash=item5e68da507f:g:ZqEAAOSw~iBni68L"
"Amulet of Hope","parrisco_0",1.1,1.55,"https://www.ebay.co.uk/itm/405479451955?_skw=Amulet+of+Hope+162%2F191+Surging+Sparks+-lot+-bundle+-japanese+-korean+-chinese&hash=item5e68756d33:g:HE4AAOSwmf9nh85E"
"Lapras ex","parrisco_0",1.5,1.55,"https://www.ebay.co.uk/itm/405484514330?_skw=Lapras+ex+032%2F142+Stellar+Crown+-lot+-bundle+-japanese+-korean+-chinese&hash=item5e68c2ac1a:g:z6kAAOSwrlBniphF"
"Greninja ex","parrisco_0",1,1.55,"https://www.ebay.co.uk/itm/405486071920?_skw=Greninja+ex+041%2F142+Stellar+Crown+-lot+-bundle+-japanese+-korean+-chinese&hash=item5e68da7070:g:YI4AAOSwva1ni7Bs"
"Terapagos ex","parrisco_0",3.5,2.7,"https://www.ebay.co.uk/itm/405555868803?_skw=Terapagos+ex+128%2F142+Stellar+Crown+-lot+-bundle+-japanese+-korean+-chinese&hash=item5e6d037483:g:ilwAAeSwQNVnsxxD"
"Wugtrio ex","parrisco_0",0.99,1.55,"https://www.ebay.co.uk/itm/405479591918?_skw=Wugtrio+ex+060%2F162+Temporal+Forces+-lot+-bundle+-japanese+-korean+-chinese&hash=item5e68778fee:g:RuIAAOSwRTVnh98d"
"Farigiraf ex","parrisco_0",1,1.55,"https://www.ebay.co.uk/itm/405499207886?_skw=Farigiraf+ex+108%2F162+Temporal+Forces+-lot+-bundle+-japanese+-korean+-chinese&hash=item5e69a2e0ce:g:QH4AAOSwWT9nk5ap"
"Snom","parrisco_0",5,2.7,"https://www.ebay.co.uk/itm/405572056249?_skw=Snom+168%2F162+Temporal+Forces+-lot+-bundle+-japanese+-korean+-chinese&hash=item5e6dfa74b9:g:dq8AAeSwn01nulIU"
"Maximum Belt","petecollects",2.5,0.85,"https://www.ebay.co.uk/itm/256819878258?_skw=Maximum+Belt+154%2F162+Temporal+Forces+-lot+-bundle+-japanese+-korean+-chinese&hash=item3bcba85972:g:5QwAAeSwhYlnshap"
"Gengar ex","pnagaming_ltd",3.25,1.55,"https://www.ebay.co.uk/itm/135582258794?_skw=Gengar+ex+104%2F162+Temporal+Forces+-lot+-bundle+-japanese+-korean+-chinese&hash=item1f9155166a:g:kekAAOSwcnhnvyls"
"Drampa","pokedee",9,2.8,"https://www.ebay.co.uk/itm/156727091703?_skw=Drampa+184%2F162+Temporal+Forces+-lot+-bundle+-japanese+-korean+-chinese&hash=item247da9a1f7:g:h8EAAeSwZbhnuk~v"
"Turtonator","pokemontcgsale",4.35,2.7,"https://www.ebay.co.uk/itm/316121467713?_skw=Turtonator+146%2F142+Stellar+Crown+-lot+-bundle+-japanese+-korean+-chinese&hash=item499a4ecb41:g:pYgAAOSwneJngHH7"
"Galvantula ex","pokesupa",19.99,0,"https://www.ebay.co.uk/itm/286093461881?_skw=Galvantula+ex+168%2F142+Stellar+Crown+-lot+-bundle+-japanese+-korean+-chinese&hash=item429c7fc979:g:6I8AAOSwQkVnAQ8Z"
"Arbok","pokesupa",19.99,0,"https://www.ebay.co.uk/itm/285798641921?_skw=Arbok+176%2F162+Temporal+Forces+-lot+-bundle+-japanese+-korean+-chinese&hash=item428aed3101:g:QE0AAOSwRjpmDvat"
"Pikachu ex","poki6834",4.88,3,"https://www.ebay.co.uk/itm/365383836716?_skw=Pikachu+ex+057%2F191+Surging+Sparks+-lot+-bundle+-japanese+-korean+-chinese&hash=item551292e42c:g:JzsAAOSwh6Znpgtr"
"Relicanth","projectguitar",7.99,0.85,"https://www.ebay.co.uk/itm/205313247003?_skw=Relicanth+173%2F162+Temporal+Forces+-lot+-bundle+-japanese+-korean+-chinese&hash=item2fcd9f871b:g:hzcAAeSwjSJnvJh5"
"Brilliant Blender","rangesofcardsales",3.32,1.5,"https://www.ebay.co.uk/itm/167322797082?_skw=Brilliant+Blender+164%2F191+Surging+Sparks+-lot+-bundle+-japanese+-korean+-chinese&hash=item26f537441a:g:9BYAAeSwhjlns53S"
"Briar","rarepokemontreasures",3.61,0.85,"https://www.ebay.co.uk/itm/387993786363?_skw=Briar+163%2F142+Stellar+Crown+-lot+-bundle+-japanese+-korean+-chinese&hash=item5a563b57fb:g:7x0AAeSwXWVnvNLM"
"Neo Upper Energy","ri5hard",2.28,0.85,"https://www.ebay.co.uk/itm/167330176854?_skw=Neo+Upper+Energy+162%2F162+Temporal+Forces+-lot+-bundle+-japanese+-korean+-chinese&hash=item26f5a7df56:g:LbAAAeSwKR9nt-Ig"
"Hydreigon ex","rstillwell",1.75,1.85,"https://www.ebay.co.uk/itm/256824250936?_skw=Hydreigon+ex+119%2F191+Surging+Sparks+-lot+-bundle+-japanese+-korean+-chinese&hash=item3bcbeb1238:g:kCEAAeSwFjJnthUM"
"Gastly","ryan-277",42.32,2.7,"https://www.ebay.co.uk/itm/316363338164?_skw=Gastly+177%2F162+Temporal+Forces+-lot+-bundle+-japanese+-korean+-chinese&hash=item49a8b971b4:g:5hQAAOSwb01nulAb"
"Reuniclus","simonboff10",9,0.85,"https://www.ebay.co.uk/itm/235982579313?_skw=Reuniclus+171%2F162+Temporal+Forces+-lot+-bundle+-japanese+-korean+-chinese&hash=item36f1a86671:g:ykYAAeSwIKFnwZo4"
"Prime Catcher","simoquin74",2.8,2.55,"https://www.ebay.co.uk/itm/286288514709?_skw=Prime+Catcher+157%2F162+Temporal+Forces+-lot+-bundle+-japanese+-korean+-chinese&hash=item42a8200e95:g:ClYAAOSwx7RnmKvM"
"Milcery","sm-pokestop",5.92,2.7,"https://www.ebay.co.uk/itm/405592772990?_skw=Milcery+152%2F142+Stellar+Crown+-lot+-bundle+-japanese+-korean+-chinese&hash=item5e6f36917e:g:5HYAAOSwGDFnwh8Y"
"Dachsbun ex","spear_pillar_games",28,0,"https://www.ebay.co.uk/itm/146223886222?_skw=Dachsbun+ex+169%2F142+Stellar+Crown+-lot+-bundle+-japanese+-korean+-chinese&hash=item220b9f6f8e:g:I1gAAOSwfXNnRh7Y"
"Archaludon","thelittecollector",3.34,2.7,"https://www.ebay.co.uk/itm/335779425434?_skw=Archaludon+155%2F142+Stellar+Crown+-lot+-bundle+-japanese+-korean+-chinese&hash=item4e2e036c9a:g:XIIAAOSwC21nj~~3"
"Sylveon ex","tridentcards",2.69,1.99,"https://www.ebay.co.uk/itm/306075096675?_skw=Sylveon+ex+086%2F191+Surging+Sparks+-lot+-bundle+-japanese+-korean+-chinese&hash=item47437f5663:i:306075096675"
"Archaludon ex","ukmarc_gelen3",1.99,2.69,"https://www.ebay.co.uk/itm/326448676565?_skw=Archaludon+ex+130%2F191+Surging+Sparks+-lot+-bundle+-japanese+-korean+-chinese&hash=item4c01db7ed5:g:GzQAAeSwKsNnqPXD"
"Cutiefly","vaultrixgames",3.1,2.7,"https://www.ebay.co.uk/itm/116455025200?_skw=Cutiefly+172%2F162+Temporal+Forces+-lot+-bundle+-japanese+-korean+-chinese&hash=item1b1d42aa30:g:u9MAAOSwuNBnkjzh"
"Minccino","wil_goodi",11.12,2.55,"https://www.ebay.co.uk/itm/326464373973?_skw=Minccino+182%2F162+Temporal+Forces+-lot+-bundle+-japanese+-korean+-chinese&hash=item4c02cb04d5:g:3doAAeSwwdpnwMcE"
"Squirtle","wizard_brothers",51.5,0,"https://www.ebay.co.uk/itm/396256905893?_skw=Squirtle+148%2F142+Stellar+Crown+-lot+-bundle+-japanese+-korean+-chinese&hash=item5c42c08aa5:g:xPcAAeSwNLVnwZP5"
"Orthworm ex","zejaxwarehouse",1.76,3.39,"https://www.ebay.co.uk/itm/286358184184?_skw=Orthworm+ex+162%2F142+Stellar+Crown+-lot+-bundle+-japanese+-korean+-chinese&hash=item42ac4720f8:g:rocAAOSw4qJnu2Nb"